{
  "project_info": {
    "project_number": "966664013430",
    "project_id": "college-6c78f",
    "storage_bucket": "college-6c78f.appspot.com"
  },
  "client": [
    {
      "client_info": {
        "mobilesdk_app_id": "1:966664013430:android:8fbb2bf8f7edb45577c157",
        "android_client_info": {
          "package_name": "com.example.demo"
        }
      },
      "oauth_client": [
        {
          "client_id": "966664013430-geeu98u8kan6607q6ehs5g4677ev2nfo.apps.googleusercontent.com",
          "client_type": 3
        }
      ],
      "api_key": [
        {
          "current_key": "AIzaSyBFzXUb_eC9coYWeWioioBZflEa-HTIzjw"
        }
      ],
      "services": {
        "appinvite_service": {
          "other_platform_oauth_client": [
            {
              "client_id": "966664013430-geeu98u8kan6607q6ehs5g4677ev2nfo.apps.googleusercontent.com",
              "client_type": 3
            }
          ]
        }
      }
    }
  ],
  "configuration_version": "1"
}